지점,지점명,일시,평균기온(°C),최고기온(°C),최저기온(°C),월합강수량(00~24h만)(mm),소형총증발량(mm),대형총증발량(mm),합계 일조시간(hr),일조율(%),합계 일사량(MJ/m2)
105,강릉,1990-01-01,-0.3,11.6,-12.9,157,59.1,,179.7,58.69,250.74
105,강릉,1990-02-01,3.2,12.3,-4.3,149.4,34.8,,93,30.8,198.86
105,강릉,1990-03-01,8,19,-0.8,101.5,78.6,,171.9,46.41,386.45
105,강릉,1990-04-01,11.9,25,2.8,81.4,112.7,80.7,191.8,48.56,449.84
105,강릉,1990-05-01,18,31.8,8,78.1,134.5,96.2,205.9,46.8,524.05
105,강릉,1990-06-01,21,33.8,14.1,196.2,119.6,84.2,129.1,29.19,407.55
105,강릉,1990-07-01,23.5,35.4,15.3,151.2,81.8,63.4,91.1,20.28,323.5
105,강릉,1990-08-01,26.3,34.6,19.3,154.5,147.6,113.5,208.7,49.48,481.41
105,강릉,1990-09-01,19.9,33,12,558.9,75.7,58.1,135.2,36.23,321.63
105,강릉,1990-10-01,15.6,25.8,5.6,123.1,93.1,68.9,214.7,61.66,353.05
105,강릉,1990-11-01,11.8,23,-1.7,135.6,69.8,12.4,150.2,49.23,210.28
105,강릉,1990-12-01,4,16.1,-9.1,24.2,76.1,,187.7,63.01,220.33
105,강릉,1991-01-01,0.3,11.2,-10.2,17.9,67.1,,184.8,60.37,235.41
105,강릉,1991-02-01,0.8,11.2,-13.3,50.2,62.6,,166,55,318.77
105,강릉,1991-03-01,5.5,21.1,-2.7,103.6,77,,141.3,38.16,348.75
105,강릉,1991-04-01,12.7,26.8,-1.2,64.6,124.7,91.1,218.7,55.42,521.95
105,강릉,1991-05-01,17.1,31,5.8,121.6,166,123.8,266.5,60.58,644.74
105,강릉,1991-06-01,23.2,35.2,14.1,49.4,161.9,114.8,206.2,46.63,567.73
105,강릉,1991-07-01,24.6,32.9,18.2,246.5,107.9,78.1,109,24.27,384.84
105,강릉,1991-08-01,22.4,31,14.4,302.1,100.9,71.1,146.7,34.75,424.23
105,강릉,1991-09-01,20.4,30.3,12,215,87.1,63.3,143.7,38.44,368.46
105,강릉,1991-10-01,15,29.8,4.5,73.6,104.9,72.9,205.4,58.92,377.83
105,강릉,1991-11-01,9.5,20.8,-0.5,4.5,78.5,10.6,187.1,61.3,265.1
105,강릉,1991-12-01,4.9,19.7,-8.3,233.6,54.5,,124.1,41.66,182.39
105,강릉,1992-01-01,2.6,13.6,-7.6,103.7,64.8,,164.2,53.66,242.15
105,강릉,1992-02-01,2.9,21.3,-6.2,11.7,76.7,,191.7,61.27,326.56
105,강릉,1992-03-01,6.4,19.9,-3.6,118.4,64.8,,137,36.93,332.16
105,강릉,1992-04-01,13.6,29.4,3.2,76.6,130.6,99.4,198.7,50.24,462.81
105,강릉,1992-05-01,16.1,30.3,6,97.4,150,103.7,226.3,51.37,539.32
105,강릉,1992-06-01,20.5,32.3,12,69.4,155.3,111.8,228.4,51.66,562.39
105,강릉,1992-07-01,26.1,37.4,17.6,101.4,152.2,117.4,190.2,42.39,483.26
105,강릉,1992-08-01,22.4,29.6,16.7,430.7,81.6,60.9,74.5,17.68,276.3
105,강릉,1992-09-01,20.7,32.7,10.2,223.1,99.6,74.1,154.1,41.36,355.99
105,강릉,1992-10-01,14.2,26.3,6.6,123.7,76.9,54.7,175.8,50.58,305.37
105,강릉,1992-11-01,9,20.2,-5.4,57.3,69.2,13,161.1,52.89,237.71
105,강릉,1992-12-01,4.1,17.6,-6.9,75.8,68.1,,171.6,57.66,220.68
105,강릉,1993-01-01,0.9,12.3,-9,85.1,44.2,,150.1,48.96,230.97
105,강릉,1993-02-01,3.1,21.4,-6.8,65.3,74.3,,185.2,61.24,308.8
105,강릉,1993-03-01,6.1,18.1,-5.2,62.3,83.9,,188.7,50.9,403.71
105,강릉,1993-04-01,11.6,29.1,0.9,94,124.6,93.6,199.8,50.57,465.35
105,강릉,1993-05-01,16.9,31.2,5.3,119.2,129.8,98.3,194.7,44.2,518.09
105,강릉,1993-06-01,19.3,31.8,10.7,167.3,98.6,74.2,109.5,24.76,399.66
105,강릉,1993-07-01,20.4,31.4,13.7,334.5,104.8,83.7,120.4,26.82,412.16
105,강릉,1993-08-01,21.7,31.8,15.7,424,108.9,81.8,130.4,30.95,383.86
105,강릉,1993-09-01,20.6,30.5,12,36.6,132.8,84.6,220.1,58.98,475.33
105,강릉,1993-10-01,14.4,28,3.4,26.9,110.8,68.1,218.7,62.84,397.22
105,강릉,1993-11-01,10,23.6,-5.8,110.6,73.5,31.8,116,38.07,198.4
105,강릉,1993-12-01,3.1,11.7,-7.1,29.3,77,,185.8,62.37,235.03
105,강릉,1994-01-01,0.8,13.1,-9.2,88.9,53.1,,157.2,51.32,239
105,강릉,1994-02-01,2,14,-9.4,49.2,68.7,,158.9,52.63,306.06
105,강릉,1994-03-01,5.2,16.9,-3.9,11.1,103.4,,204.1,55.1,439.04
105,강릉,1994-04-01,13.8,25.7,0.9,24.3,138.9,98.8,209.3,52.99,510.24
105,강릉,1994-05-01,18.3,30.8,8.8,85,182.7,130.4,230.5,52.39,581.27
105,강릉,1994-06-01,21.2,32.2,11.5,104.1,146.9,108,192.4,43.51,548.3
105,강릉,1994-07-01,28,39.3,19.3,92.4,181.9,140.6,231.8,51.6,578.9
105,강릉,1994-08-01,27.2,38.9,16.8,156.1,162.5,128.4,228.2,54.11,523.65
105,강릉,1994-09-01,21.2,34,12,68.6,134.2,96.9,211,56.54,443.47
105,강릉,1994-10-01,15.4,25,5.4,306.7,90.7,62.8,169.7,48.74,322.61
105,강릉,1994-11-01,10.9,23.9,0.8,149.2,84,,171.7,56.28,242.47
105,강릉,1994-12-01,4.6,20.2,-9.6,11.1,80.1,,184.5,61.93,233.13
105,강릉,1995-01-01,0.8,14.2,-10,15.9,85.1,,226.7,74.06,292.93
105,강릉,1995-02-01,2.8,14.8,-6.3,38.6,62.7,,165,54.67,293.23
105,강릉,1995-03-01,6,17.2,-2,104.1,81.4,,162.9,44.02,363.59
105,강릉,1995-04-01,12.9,25,1.4,42.7,140.3,100.2,220.4,55.85,507.03
105,강릉,1995-05-01,17.3,32.4,7.1,32.7,165,116,222.5,50.58,597.74
105,강릉,1995-06-01,18.7,29.7,10.6,113,99.4,71.9,114.7,25.94,434.44
105,강릉,1995-07-01,25.3,36.5,15.9,169.6,149.3,111,165.2,36.78,483.16
105,강릉,1995-08-01,26.8,35.8,16.5,327.6,133.7,94.3,167,39.56,441.34
105,강릉,1995-09-01,19.7,32.6,10.6,80.4,112.4,76.8,186,49.76,409.01
105,강릉,1995-10-01,16.2,31.2,3.7,9.6,103.5,60.1,189.4,54.33,363.31
105,강릉,1995-11-01,9,22.5,-2.1,17.6,90.1,,217.8,71.36,315.49
105,강릉,1995-12-01,2.1,12.3,-9.2,10.4,69.6,,210,70.49,250.7
105,강릉,1996-01-01,0.6,11.3,-10,37.9,71.5,,212.5,69.44,274.59
105,강릉,1996-02-01,0.8,19.1,-12,92.2,65.1,,185.9,59.41,301.1
105,강릉,1996-03-01,4.8,16.6,-5.9,107.3,83.6,,150.3,40.5,357.48
105,강릉,1996-04-01,12.4,31.7,-1.1,58.1,142.9,97,245,61.95,554.83
105,강릉,1996-05-01,16.5,31.7,7.4,17.6,119,86.2,197.6,44.85,509.67
105,강릉,1996-06-01,19.6,30.5,12.8,279,114.4,77.7,111.2,25.15,363.28
105,강릉,1996-07-01,23.6,35.7,14.6,193.9,152.6,111.1,155.3,34.61,472.17
105,강릉,1996-08-01,23.6,34,15.2,220.2,123,82.1,160.3,38.06,424.89
105,강릉,1996-09-01,20.6,30.6,12.4,32.7,118.7,82.7,210,56.36,444.24
105,강릉,1996-10-01,15.1,26.1,4.8,139.3,98.1,66.3,181.1,52.1,335.62
105,강릉,1996-11-01,8,19.6,-5.6,82,68.3,,149.2,48.98,235
105,강릉,1996-12-01,4,16.8,-9,22.5,78.8,,218.1,73.24,243.86
105,강릉,1997-01-01,0.1,13.2,-10.1,44.9,68.3,,216.7,70.68,286.99
105,강릉,1997-02-01,2.7,17.7,-5.9,48.9,63.9,,194.4,64.31,304.57
105,강릉,1997-03-01,7.6,22.1,-2.4,45.6,98.7,,212.8,57.39,430.95
105,강릉,1997-04-01,13.6,27.3,5.1,49.6,142.8,109.7,218.2,55.23,496.61
105,강릉,1997-05-01,17.2,28.3,6.9,239.6,125.8,93,185.1,42.02,478.37
105,강릉,1997-06-01,21.5,35.2,13.8,101,132.1,92.4,209.1,47.29,506.1
105,강릉,1997-07-01,25.5,36.2,18.2,143.9,152.7,110.2,231.1,51.48,546.77
105,강릉,1997-08-01,25.4,35.6,18.2,143.4,133.4,97.7,173.7,41.24,447.28
105,강릉,1997-09-01,19.3,35.8,11.3,179.6,108.1,72.8,183,49.04,378.72
105,강릉,1997-10-01,15.3,28.6,-0.5,3.9,129.7,89,248,71.24,397
105,강릉,1997-11-01,10.1,21.6,-0.9,186.4,60.2,,158,51.85,216.45
105,강릉,1997-12-01,3.7,15.4,-9.5,87.1,55.8,,168.8,56.66,200.92
105,강릉,1998-01-01,0.4,10.8,-13.1,114.4,55.2,,185.1,60.43,248.35
105,강릉,1998-02-01,3.6,15.9,-4.6,85.5,56.1,,152.7,50.58,259.5
105,강릉,1998-03-01,9.4,27.1,-1.3,16.3,118.5,,244.7,66.06,453.22
105,강릉,1998-04-01,15.2,33.6,1.7,120.3,108.7,77.1,188.6,47.75,451.15
105,강릉,1998-05-01,18.9,30.3,7.2,49.8,149.4,105.3,233.7,53.1,560.2
105,강릉,1998-06-01,19.7,33.3,9.3,215.7,96,76,116.7,26.39,373.19
105,강릉,1998-07-01,22.8,34.1,16.1,501.1,71,50.4,51.3,11.42,255.76
105,강릉,1998-08-01,24.4,33.8,17.4,268.2,83.9,58.4,125.2,29.69,352.23
105,강릉,1998-09-01,22,33.8,13.6,250.9,95.8,69.6,155.1,41.56,354.08
105,강릉,1998-10-01,17.4,26.6,6.8,125,75.9,52.1,158.5,45.52,316.39
105,강릉,1998-11-01,9.6,24.4,-3.7,63.2,75.7,,204.6,67.06,268.16
105,강릉,1998-12-01,5.5,16.6,-2.7,35.3,70.7,,213.1,71.53,255.86
105,강릉,1999-01-01,2.6,13.5,-9.6,2.8,71.6,,224.5,73.34,283.13
105,강릉,1999-02-01,3.8,14.4,-8.8,8.4,74.5,,196,64.94,312.21
105,강릉,1999-03-01,6.9,18.2,-4.1,100.8,81.4,,190.9,51.58,391.24
105,강릉,1999-04-01,13.1,27.3,1.2,150.2,112.4,80.8,203.9,51.67,474.29
105,강릉,1999-05-01,18.6,31.5,7.7,211,157.8,113.2,250.1,56.85,565.54
105,강릉,1999-06-01,22.8,35,15.5,100.1,144.8,98.8,218.3,49.37,539.05
105,강릉,1999-07-01,24.1,34.4,16.7,110.7,107.9,73.8,139.1,30.97,418.82
105,강릉,1999-08-01,23.9,31.5,18.5,462,92.5,64.6,122.1,28.93,358.83
105,강릉,1999-09-01,22,33.3,13.7,477.7,80.9,54.7,150.4,40.24,330.94
105,강릉,1999-10-01,15.6,26.4,3.7,91,76.4,53.2,183.3,52.58,326.44
105,강릉,1999-11-01,9.6,21.1,-2.9,108.4,61.9,,193.3,63.34,253.17
105,강릉,1999-12-01,3.6,13.5,-8.3,2.4,78.4,,219.9,73.82,246.58
105,강릉,2000-01-01,0.8,11.6,-9.4,66.3,49.7,,127.7,41.7,133.7
105,강릉,2000-02-01,0.9,10,-7.2,3.3,62.4,,222.6,71.19,224.6
105,강릉,2000-03-01,8.1,22.9,-3.8,15.9,120.5,,209.9,56.71,271.7
105,강릉,2000-04-01,12.6,26.2,2.9,37.1,127.2,92,195.2,49.44,370.51
105,강릉,2000-05-01,17,33.1,6.6,47.6,119.9,84,167.2,38.06,467.54
105,강릉,2000-06-01,21.7,35.8,11.2,114.3,136.6,94.2,174.4,39.58,484.07
105,강릉,2000-07-01,27.2,36.6,17.9,86.4,156.1,110.6,187.2,41.68,496.06
105,강릉,2000-08-01,25.4,35.3,17.4,214.1,95.9,76.4,131.1,31.07,383.11
105,강릉,2000-09-01,19.7,34.5,11.8,407.7,84.9,66.2,142.5,38.04,340.08
105,강릉,2000-10-01,15.5,26.3,6.9,13.8,74,51.9,176.6,50.72,321.42
105,강릉,2000-11-01,8.6,23,-1.1,97.1,57.6,13.4,134.5,44.08,240.8
105,강릉,2000-12-01,4.1,16.2,-8,5.6,70.2,,154.8,51.96,245.51
105,강릉,2001-01-01,-1.3,8.6,-14.7,101,53.7,,147.3,48.14,257.59
105,강릉,2001-02-01,2.1,16.8,-8,97.6,59.2,,166.7,55.25,301.06
105,강릉,2001-03-01,6.5,23.3,-6,25.5,108.6,,218.5,59.07,450.59
105,강릉,2001-04-01,14,28.3,3.4,18.9,140.3,105.8,225.2,57.07,514.84
105,강릉,2001-05-01,18.8,35.1,6.1,25.4,151.7,104,182.7,41.54,484.22
105,강릉,2001-06-01,22.1,36.1,13.9,121.3,137.6,93.5,131.7,29.78,416.75
105,강릉,2001-07-01,26.5,35.6,17.7,122.9,155.8,96.1,166.7,37.11,471.48
105,강릉,2001-08-01,24.6,33.9,16.4,81.2,131.3,90.1,175,41.46,466.68
105,강릉,2001-09-01,20,30.8,8.7,273.2,94.4,59.5,154.8,41.28,364.88
105,강릉,2001-10-01,16.3,25.8,7.1,195.1,71.2,48.2,168,48.19,320.98
105,강릉,2001-11-01,8.9,21.2,-2.3,34.4,74.1,6.5,177.9,58.27,279.07
105,강릉,2001-12-01,2.1,12.5,-6,21.1,69.6,,165.8,55.64,251.82
105,강릉,2002-01-01,1.5,16,-10.3,78,59.4,,161.9,52.8,261.16
105,강릉,2002-02-01,4.8,14,-5.6,0,88.6,,203,67.15,333.85
105,강릉,2002-03-01,9.7,23.4,-1.1,25.6,133.2,1,212.8,57.42,441.73
105,강릉,2002-04-01,14.3,30,3.1,50.5,155.3,104.9,228.9,57.92,524.67
105,강릉,2002-05-01,17.1,30.3,6.3,78.8,136.2,95.4,217.8,49.47,560.32
105,강릉,2002-06-01,21.3,34.8,13,33.3,158.8,106.6,211,47.68,549.85
105,강릉,2002-07-01,23.6,35.5,17.4,224.7,86.2,64.6,117.4,26.12,372.85
105,강릉,2002-08-01,23.4,34.2,16.7,1137,89.1,70.7,97.7,23.16,345.73
105,강릉,2002-09-01,19.5,33.8,12.9,128.5,81.1,65.1,157.8,42.26,378.55
105,강릉,2002-10-01,14,25.9,1.8,180,93.1,56.9,202.3,58.08,386
105,강릉,2002-11-01,6.3,21.1,-1.7,0.4,84.4,,191.3,62.64,323.27
105,강릉,2002-12-01,2.6,16,-7.8,129.4,41.2,,117.3,39.3,218.19
105,강릉,2003-01-01,-0.4,10,-13.9,60.2,56.9,,161.1,52.61,294.42
105,강릉,2003-02-01,2.7,11.9,-5.2,90.7,42.9,,135.9,45,281.21
105,강릉,2003-03-01,5.9,20.1,-5.5,81,69.1,0.8,155.4,41.95,404.94
105,강릉,2003-04-01,12.8,28.2,1.6,200,104.1,78.1,164.9,41.76,456.51
105,강릉,2003-05-01,16.2,27.2,5.6,149.8,104.9,75.9,182,41.34,501.96
105,강릉,2003-06-01,21.2,29.5,12.6,157.3,113,83.1,156.7,35.41,495.08
105,강릉,2003-07-01,21.4,28.4,17.1,223.1,81.6,60.3,80.2,17.85,389.89
105,강릉,2003-08-01,23.2,33.6,16.9,284.3,90.5,64.9,106.2,25.16,389.95
105,강릉,2003-09-01,20,29.2,10.3,532,76.5,53,125.9,33.7,348.89
105,강릉,2003-10-01,14.8,23.3,5.3,58.5,108,83.2,224.7,64.46,415.2
105,강릉,2003-11-01,10.6,25.6,-1.4,251.5,61.6,21.7,115,37.66,224.16
105,강릉,2003-12-01,3.8,14.7,-7.6,7,88.3,,192.5,64.47,298.95
105,강릉,2004-01-01,0.9,11.2,-15.6,12.1,78.6,,203.7,66.53,330.3
105,강릉,2004-02-01,4.5,19.9,-6.8,12.9,91.9,,220.9,70.55,404.37
105,강릉,2004-03-01,7.9,23.5,-5.8,7.6,129.6,,246,66.24,535.18
105,강릉,2004-04-01,14.7,32.7,2.4,163.6,158.8,123.6,227.4,57.47,554.85
105,강릉,2004-05-01,18.2,30.7,6.6,54.1,146,119.7,200.4,45.46,577.5
105,강릉,2004-06-01,22,32.1,12.8,224.5,146.9,114.3,185.8,41.99,572.74
105,강릉,2004-07-01,24.5,36.2,17.3,404.1,114.6,92.4,136.7,30.45,433.09
105,강릉,2004-08-01,23.6,32.6,16.6,503.4,91.1,71,149,35.38,416.05
105,강릉,2004-09-01,20.6,30.7,14.6,181.4,81.6,60.8,138.4,37.13,372.02
105,강릉,2004-10-01,15.5,25.2,6.4,18.9,87.4,72,201,57.79,397.03
105,강릉,2004-11-01,11.4,23.9,1.6,9.9,71.2,,201.2,66.01,291.57
105,강릉,2004-12-01,5.2,19.5,-5.4,11.8,67.9,,185.4,62.13,259.61
105,강릉,2005-01-01,0.5,11.5,-8.3,32.5,67.1,,215.1,70.09,309.98
105,강릉,2005-02-01,-0.1,7.8,-12.5,80.3,59,,176.5,58.33,331.04
105,강릉,2005-03-01,5.1,19.3,-5.6,80.8,87.1,,230.6,62.16,491.13
105,강릉,2005-04-01,13.9,32.2,0.4,39.6,154.6,119,229.1,57.9,578.79
105,강릉,2005-05-01,16.1,30.3,6.9,58.7,134.5,102.1,217,49.26,591.55
105,강릉,2005-06-01,22.8,35.5,13.3,193.3,124.3,93.4,170.4,38.51,542.73
105,강릉,2005-07-01,25.3,35.2,18.1,218.7,122.9,99.3,165.7,36.88,502.2
105,강릉,2005-08-01,25.9,36.5,16.3,201,127.9,100.8,158.6,37.63,492.1
105,강릉,2005-09-01,20.5,34.2,12.6,557.5,71.3,59.9,121.5,32.56,341.23
105,강릉,2005-10-01,15.4,25.2,5.6,182.4,79.4,68.3,181.1,52.03,365.75
105,강릉,2005-11-01,10.5,23.8,-0.4,8.5,74.4,,219.3,71.9,318.37
105,강릉,2005-12-01,-0.6,11.1,-10.5,0.1,81.1,,225.1,75.44,294.35
105,강릉,2006-01-01,1.2,11.8,-7.4,42.1,74,,158.8,51.79,253.72
105,강릉,2006-02-01,2.5,14.6,-9.5,9.7,74,,182.6,60.38,337.87
105,강릉,2006-03-01,7.1,19.7,-6.3,9.1,110.7,,218.3,58.9,490.8
105,강릉,2006-04-01,11,25.8,2,103.9,105.8,87.3,143.4,36.28,438.28
105,강릉,2006-05-01,16.9,30.3,4.4,98.6,116.1,89.4,172,39.05,535.01
105,강릉,2006-06-01,20.2,31.2,12.8,77.1,115,95.9,141.6,32,501.6
105,강릉,2006-07-01,21.9,32.9,16,757.3,69.9,50.3,39.6,8.81,290.39
105,강릉,2006-08-01,26.3,35.2,18.2,204.1,134.6,91.2,174.8,41.44,500.64
105,강릉,2006-09-01,19.5,30.3,12,88.3,90.4,61.6,162.7,43.57,436.78
105,강릉,2006-10-01,17.8,30.2,9.1,341.2,93.6,61.8,170.7,49.01,339.48
105,강릉,2006-11-01,9.3,22.2,-0.3,96.7,69.6,,140.7,46.07,244.43
105,강릉,2006-12-01,3.7,14.7,-8.6,24.6,69.4,,191.8,64.25,257.52
105,강릉,2007-01-01,2.8,10.8,-4.5,17,90.9,,169.7,55.35,271.5
105,강릉,2007-02-01,5.5,18.2,-5.9,19.1,64.1,,155.3,51.42,307.41
105,강릉,2007-03-01,7,19.3,-6,96,82.8,,178.7,48.25,416.06
105,강릉,2007-04-01,12.2,28,2.2,44.5,105.9,77.7,165.3,41.86,474.79
105,강릉,2007-05-01,18.3,30.3,9,111.5,144.6,112.5,202.3,45.95,590.12
105,강릉,2007-06-01,21.5,32.5,12.5,44.4,124.1,96.5,182.6,41.27,567.76
105,강릉,2007-07-01,22.7,35.7,17.1,311.2,94.6,78.7,93.7,20.85,399.22
105,강릉,2007-08-01,26.4,35.9,18.2,158.9,103.4,84.3,117.1,27.74,422.18
105,강릉,2007-09-01,20.8,32,15,503.3,51.3,41,72.8,19.49,263.19
105,강릉,2007-10-01,15.6,28.8,5.8,73.6,72.3,56.8,151.4,43.43,338.87
105,강릉,2007-11-01,9.1,20.1,-2.2,60.6,70.9,,184.3,60.35,288
105,강릉,2007-12-01,4.4,12.8,-6,1.5,64.1,,175.8,58.89,249.41
105,강릉,2008-01-01,1.1,11.5,-8.3,82.6,51.7,,155.5,50.77,251.48
105,강릉,2008-02-01,2,14.4,-7.9,0,73.6,,216.6,69.18,385.99
105,강릉,2008-03-01,7.5,18.4,-1.2,117.3,69.3,,163.5,44.02,401.01
105,강릉,2008-04-01,13.8,29.3,5.7,34.2,116.9,92.8,199,50.27,524.67
105,강릉,2008-05-01,18.8,33,7,69.3,138.2,111.6,191.6,43.46,583.43
105,강릉,2008-06-01,19.8,32.8,12.1,106.7,99,75,152,34.35,497.65
105,강릉,2008-07-01,26.7,36.8,17.8,322.7,119.8,101.5,156.2,34.79,514.72
105,강릉,2008-08-01,24,33,17.4,330.6,,,167.6,39.79,513.69
105,강릉,2008-09-01,21.8,30.6,12,131.7,,,177.5,47.63,447.81
105,강릉,2008-10-01,18.3,28.2,9.5,43.9,,,197.8,56.87,379.37
105,강릉,2008-11-01,10.2,23.1,-3.7,49.1,,,168.7,55.37,269.41
105,강릉,2008-12-01,4.1,15.6,-10,54.6,,,192.2,64.41,259.03
105,강릉,2009-01-01,1.2,11.7,-9.6,24,,,215.5,70.22,297.2
105,강릉,2009-02-01,5.4,21.3,-6.1,20.6,,,133.2,44.02,288.8
105,강릉,2009-03-01,7.3,24,-2.1,70.9,,,181.8,48.99,438.6
105,강릉,2009-04-01,13.1,28.4,0.7,56,,,231,58.38,568.4
105,강릉,2009-05-01,19,31.4,9.3,43,,,214.4,48.65,581.13
105,강릉,2009-06-01,21.6,34.1,11.7,102.6,,,161.9,36.59,521.12
105,강릉,2009-07-01,22.8,32.3,16.1,405.1,,,113.5,25.26,500.46
105,강릉,2009-08-01,23.3,33.4,15.8,170.2,,,119.9,28.45,440.75
105,강릉,2009-09-01,20.2,30.5,14.1,50.3,,,162.1,43.45,443.27
105,강릉,2009-10-01,16.4,26.4,8.9,31.2,,,219.5,63.06,412.82
105,강릉,2009-11-01,8.4,23.6,-2.1,191.6,,,133.1,43.64,214.41
105,강릉,2009-12-01,2.1,11.9,-9,17.5,,,173.4,58.11,242.96
105,강릉,2010-01-01,-0.1,14.5,-11.5,35.6,,,191.8,62.56,275.92
105,강릉,2010-02-01,2.4,21.4,-8,94.7,,,135.4,44.78,272.99
105,강릉,2010-03-01,4,15.3,-2.8,172.5,,,110.1,29.7,322.68
105,강릉,2010-04-01,10.1,22.8,0.2,28.4,,,170.6,43.15,496.93
105,강릉,2010-05-01,17.4,31.6,6.5,110,,,184.1,41.79,579.73
105,강릉,2010-06-01,22,30.2,7.7,34.7,,,217.3,49.11,654.64
105,강릉,2010-07-01,25.8,36,18,88.5,,,127.6,28.4,486.42
105,강릉,2010-08-01,26.5,37.1,19.7,175.4,,,104.1,24.67,381.85
105,강릉,2010-09-01,20.7,31.9,10.3,271,,,130.3,34.9,378.81
105,강릉,2010-10-01,14.9,25.4,2.6,53.5,,,166.5,47.8,359.74
105,강릉,2010-11-01,9.4,20.8,-2,12.5,,,221.8,72.63,327.5
105,강릉,2010-12-01,2.9,19.5,-11.1,26,,,188.8,63.25,265.15
105,강릉,2011-01-01,-2.8,5.4,-13.5,13,,,230.2,75.08,323.41
105,강릉,2011-02-01,2.5,15.8,-8.7,144,,,142.9,47.32,294.18
105,강릉,2011-03-01,5.5,20.1,-5.5,26.5,,,223.5,60.32,501.68
105,강릉,2011-04-01,11.7,26,0.5,133,,,186.4,47.2,498.13
105,강릉,2011-05-01,16,29.8,7.4,88,,,135.9,30.87,472.12
105,강릉,2011-06-01,22,34.5,11.8,343,,,184.3,41.67,574.98
105,강릉,2011-07-01,23.4,32.4,17.5,318.2,,,65.4,14.55,350.5
105,강릉,2011-08-01,25.3,35.2,18.1,121.2,,,120.4,28.53,455.54
105,강릉,2011-09-01,20.2,30.7,12.1,320.9,,,147.6,39.51,384.38
105,강릉,2011-10-01,14.8,26.1,5.2,64.8,,,186.9,53.63,380.89
105,강릉,2011-11-01,11.2,21.9,-1.5,132.9,,,131.7,43.12,222.42
105,강릉,2011-12-01,1.5,11,-7.5,105,,,189.5,63.48,258.92
105,강릉,2012-01-01,-0.1,7.4,-8.6,39,,,196.6,64.19,290.92
105,강릉,2012-02-01,0.4,12.2,-14.2,23.1,,,208.4,66.56,375.33
105,강릉,2012-03-01,5.7,18.7,-3.9,126.7,,,180.2,48.51,416.16
105,강릉,2012-04-01,13.3,27.3,1,126.5,,,211.1,53.32,550.3
105,강릉,2012-05-01,17.6,28,8.9,52.7,,,219.3,49.72,576.84
105,강릉,2012-06-01,20.6,30.3,14.2,26.8,,,121.2,27.38,465.73
105,강릉,2012-07-01,25.3,35.6,16.9,261.2,,,182.7,40.68,532.75
105,강릉,2012-08-01,25.1,33.6,17.7,295.3,,,91.5,21.72,342.37
105,강릉,2012-09-01,20.2,29.6,12.6,290.7,,,176.7,47.41,441.77
105,강릉,2012-10-01,15.8,25.2,5.5,10.6,,,232.3,66.83,420.58
105,강릉,2012-11-01,7.8,20.1,-0.8,25.6,,,203.6,66.84,305.58
105,강릉,2012-12-01,-0.1,10.8,-10.1,43.2,,,194.9,65.34,254.81
105,강릉,2013-01-01,-0.5,12.1,-11.1,54.6,,,194.3,63.31,288.83
105,강릉,2013-02-01,1.8,14.6,-13,13.6,,,203,67.06,369.2
105,강릉,2013-03-01,7.4,19.5,-3.4,81.8,,,238.7,64.32,504.59
105,강릉,2013-04-01,10.8,23.6,1.5,58,,,229.7,58.05,536.79
105,강릉,2013-05-01,18.1,33.7,6.4,78.7,,,244.4,55.46,621.98
105,강릉,2013-06-01,21.5,32.8,13.2,36,,,173.6,39.23,526.27
105,강릉,2013-07-01,27,34.7,20.9,241.9,,,166,36.95,460.92
105,강릉,2013-08-01,28.5,36.1,19.4,54.6,,,240.5,57.09,577.16
105,강릉,2013-09-01,20.8,30.8,12.7,135.5,,,142.8,38.27,363.33
105,강릉,2013-10-01,15.8,25.9,6.7,130.8,,,193.5,55.59,309.4
105,강릉,2013-11-01,8.8,21,-4.3,9.8,,,214.3,70.31,200.56
105,강릉,2013-12-01,3.1,14.6,-6.5,26.4,,,197.9,66.32,162.31
105,강릉,2014-01-01,2.3,13.9,-6.7,46,,,183.3,59.75,91.56
105,강릉,2014-02-01,1.3,15.3,-7,168.9,,,107.9,35.68,59.76
105,강릉,2014-03-01,8.3,26.8,-5.8,55.3,,,192.9,52.02,259.42
105,강릉,2014-04-01,14.1,27.8,1.3,189.3,,,190.7,48.24,490.24
105,강릉,2014-05-01,20,33.8,8.3,9.9,,,259,58.78,699.47
105,강릉,2014-06-01,20.9,35.4,13.8,55.7,,,122.5,27.68,432.33
105,강릉,2014-07-01,26.1,36.1,17.7,109.5,,,220.7,49.12,588.41
105,강릉,2014-08-01,23.7,33.3,15.7,336.9,,,123.9,29.38,388.58
105,강릉,2014-09-01,20.9,31,13.4,212.1,,,189.9,50.87,425.92
105,강릉,2014-10-01,15.9,26,7.8,120.2,,,206.1,59.17,367.14
105,강릉,2014-11-01,10.5,19.8,-1.5,84.5,,,173.5,56.85,261.02
105,강릉,2014-12-01,1.1,11.1,-10,0.4,,,227.9,76.35,283.53
105,강릉,2015-01-01,2.2,13.3,-8.1,20.4,,,185.5,60.5,267.04
105,강릉,2015-02-01,3.1,14.1,-9.7,13.1,,,186.3,61.67,329.84
105,강릉,2015-03-01,8.2,22.9,-5.3,22.1,,,277.1,74.79,560.94
105,강릉,2015-04-01,12.1,30.6,2.1,76.8,,,188.8,47.81,480.98
105,강릉,2015-05-01,20,33.9,7.5,3.1,,,288.3,65.48,710.79
105,강릉,2015-06-01,21,32.6,13,175,,,184,41.6,552.01
105,강릉,2015-07-01,23.8,36.8,15.1,62.9,,,173.7,38.65,517.62
105,강릉,2015-08-01,25.8,36.8,17.4,224.8,,,235.7,55.85,577.22
105,강릉,2015-09-01,20.2,28.6,13.7,70,,,206.3,55.23,470.13
105,강릉,2015-10-01,16,27.5,3,21,,,255.4,73.29,439.25
105,강릉,2015-11-01,9.9,21.4,-1.3,348.9,,,97.7,31.99,175.34
105,강릉,2015-12-01,4.9,15.2,-3.6,9.3,,,174.2,58.36,235.86
105,강릉,2016-01-01,0.4,13.8,-14.7,27.4,,,232.8,75.98,315.74
105,강릉,2016-02-01,1.9,10.2,-6,48.5,,,213.9,68.3,357.06
105,강릉,2016-03-01,7.9,22.3,-5.3,29.3,,,207,55.74,440.53
105,강릉,2016-04-01,14.1,28.3,4,73,,,237.6,60,567.36
105,강릉,2016-05-01,19.3,30.5,8.6,33.6,,,285.9,64.83,715.68
105,강릉,2016-06-01,21.9,31.5,13.9,40.7,,,205.1,46.35,581.91
105,강릉,2016-07-01,24.1,35.1,17.5,424.2,138.5,97.3,141.2,31.45,474.47
105,강릉,2016-08-01,25.8,35.5,15.1,282.6,179.2,125.1,235.5,55.91,573.78
105,강릉,2016-09-01,20.6,30.9,12.6,104.8,95.3,66.6,125.4,33.65,340.44
105,강릉,2016-10-01,15.6,26.2,4.7,78.1,97.5,68.1,151.3,43.55,304.15
105,강릉,2016-11-01,9.1,22.1,-0.8,33.5,94.5,66.3,189.8,62.31,280.78
105,강릉,2016-12-01,5,15.5,-5.6,82.5,91.5,64.3,183.9,61.63,242.19
105,강릉,2017-01-01,1.5,12.3,-9.6,48.5,91,63.6,229.8,74.88,306.88
105,강릉,2017-02-01,3.5,15.5,-6.9,3.5,109.9,76.6,220,72.68,375.38
105,강릉,2017-03-01,7.1,17.4,-2.9,48.5,118.7,83.4,202.7,54.62,438.34
105,강릉,2017-04-01,15.4,30.4,3.2,39.8,221.2,155.1,264.6,66.87,617.31
105,강릉,2017-05-01,20.3,33.2,8.7,25,261.3,183.1,277.9,63.06,703.85
105,강릉,2017-06-01,21.2,33,11.4,27.2,201.7,141.2,250.9,56.7,684.74
105,강릉,2017-07-01,26.8,37.1,20,238.1,180.3,126.1,179.2,39.89,511.43
105,강릉,2017-08-01,24.3,32.9,17.3,444.1,130.4,91.4,139.9,33.21,418.45
105,강릉,2017-09-01,21.3,30.5,12.4,45.7,174.3,121.8,249.2,66.81,535.15
105,강릉,2017-10-01,15.2,24.7,5.7,114.5,95.4,66.9,152.6,43.85,307.39
105,강릉,2017-11-01,9,21.3,-2.7,41.5,128.2,89.7,227.4,74.61,312.47
105,강릉,2017-12-01,1.5,12.4,-8.8,5.5,102.3,71.9,241.8,81.03,301.45
105,강릉,2018-01-01,-0.2,12.5,-14.2,2.5,97.1,67.8,225.5,73.5,321.75
105,강릉,2018-02-01,0.5,11.2,-10.7,52,96.1,67.5,224.2,74.16,376.58
105,강릉,2018-03-01,9.2,25.8,-3,94,155.2,108.9,210.9,56.88,459.2
105,강릉,2018-04-01,14.5,32.3,1.5,151.4,212.4,148.6,242.6,61.34,567.54
105,강릉,2018-05-01,17.3,32.1,5.2,162.9,173.2,120.9,208.6,47.34,572.89
105,강릉,2018-06-01,23.2,34.5,13.5,38.6,206.8,145.1,235.5,53.21,650.56
105,강릉,2018-07-01,26.8,37.2,15.9,195.5,197.4,138,219.3,48.8,609.99
105,강릉,2018-08-01,26.2,38.2,18.2,419.1,147.9,103.7,182.9,43.36,496.61
105,강릉,2018-09-01,20,29.1,12.1,161.2,129.3,90.3,178.6,47.84,439.54
105,강릉,2018-10-01,14.1,25.9,4.3,248,136.9,95.5,238.7,68.55,423.87
105,강릉,2018-11-01,10,21.6,0,51.3,96.4,67.4,185.5,60.84,276.35
105,강릉,2018-12-01,2.7,14.9,-9.9,22.9,93.3,65.2,217.8,73.06,282.61
105,강릉,2019-01-01,2.8,13.7,-6.2,16.6,117.4,82.3,240.6,78.47,316.03
105,강릉,2019-02-01,3.8,16.5,-5,17.7,99,69.1,219.1,72.55,361.66
105,강릉,2019-03-01,8.9,22.4,0,49.6,151.2,105.7,237.7,64.16,491.78
105,강릉,2019-04-01,12.6,25.1,1.8,85.5,175.8,123.2,223.9,56.67,552.75
105,강릉,2019-05-01,21,34.8,8.9,4.5,283.8,198.6,296,67.2,742.51
105,강릉,2019-06-01,21.4,34.1,11.9,132.2,178.6,125,225.7,51.01,628.67
105,강릉,2019-07-01,25.8,35.4,18,220.8,175,122.4,202.1,44.95,556.37
105,강릉,2019-08-01,26.5,36.4,20.4,264.5,172.1,120.2,226,53.54,558.62
105,강릉,2019-09-01,21.5,33.4,13.8,233.3,111.7,78.3,146.8,39.3,377.37
105,강릉,2019-10-01,16.6,25.1,8.6,536,109.9,76.9,164.3,47.14,337.54
105,강릉,2019-11-01,10.2,23.8,0.6,104.7,95.8,67.3,190,62.23,278.85
105,강릉,2019-12-01,5.3,16.5,-5.6,5.1,81.6,57.3,187.6,62.85,257.6
105,강릉,2020-01-01,4.4,12.5,-3,107.5,69.8,48.8,156.4,51.04,238.15
105,강릉,2020-02-01,5,16.7,-7.1,77.5,90.4,62.9,196.1,62.63,344.96
105,강릉,2020-03-01,8.7,21.7,-0.3,47.1,135,94.6,251.2,67.62,520.09
105,강릉,2020-04-01,11.8,26.8,1.4,65.6,170.5,119.4,229.5,57.95,570.37
105,강릉,2020-05-01,18.3,32.5,8.3,95.5,183.4,128.7,207.4,47.01,618.57
105,강릉,2020-06-01,24.1,34.5,15.2,270.4,194.3,136,212.7,48.05,620.74
105,강릉,2020-07-01,22.4,33.4,14.8,375.9,122.8,85.9,125.9,28.04,453.47
105,강릉,2020-08-01,27,36.5,20.2,150.4,130.3,91.3,113.3,26.9,388.74
105,강릉,2020-09-01,20.6,29.7,11.5,613.8,117.4,82.4,139.5,37.43,390.85
105,강릉,2020-10-01,15.1,26.6,6.4,0.6,127.1,88.8,203.3,58.52,407.19
105,강릉,2020-11-01,11,25.5,-0.1,7.7,113.9,79.6,194.9,63.99,306.12
105,강릉,2020-12-01,3,14.3,-10.3,0.9,94.8,66.3,218.1,73.11,292.52
105,강릉,2021-01-01,0.6,15.4,-15.1,11.4,76,53.1,200.2,65.23,296.02
105,강릉,2021-02-01,4.9,20.7,-8.9,5.1,99.7,69.7,203.4,67.2,366.73
105,강릉,2021-03-01,9.7,21.1,-3.4,122,128.5,90,201,54.16,461.98
105,강릉,2021-04-01,13.8,25.1,2.2,108.1,162.2,113.7,217.6,54.96,571.24
105,강릉,2021-05-01,17.9,30.9,8.4,157.5,186.7,131,205.4,46.58,580.52
105,강릉,2021-06-01,22,30.3,13.9,32.5,158,110.4,159.1,35.94,552.76
105,강릉,2021-07-01,26.7,35.6,18.9,142.2,181.4,127.5,214.7,47.79,661.09
105,강릉,2021-08-01,25.5,36.5,18.4,438.1,117.4,82.2,72.9,17.87,367.38
105,강릉,2021-09-01,21.7,29.6,15.8,111.6,114.2,79.9,134.2,35.98,404.96
105,강릉,2021-10-01,16.5,32.3,2.7,130.9,99.5,69.6,159.1,45.73,328.63
105,강릉,2021-11-01,11.1,22.2,-0.2,13.1,105.2,73.3,197.5,64.82,303.6
105,강릉,2021-12-01,4.4,17.1,-12,43.9,88.8,62.2,207.2,69.48,286.04
105,강릉,2022-01-01,1.5,10,-7.2,7.4,80.4,56.2,222.3,72.46,316.46
105,강릉,2022-02-01,2,16.1,-9.2,1.2,102.7,72.1,239.3,79.13,407.82
105,강릉,2022-03-01,9,21.8,-0.8,102.9,117.8,82.4,193.2,52.09,436.39
105,강릉,2022-04-01,16.1,31.3,2.3,68.8,207,145,251,63.45,608.19
105,강릉,2022-05-01,20.3,33.4,8.2,5.8,242,169.6,273,63.99,686.93
105,강릉,2022-06-01,23.6,35.3,13.3,186,159.6,111.6,162.8,36.78,521.63
105,강릉,2022-07-01,26.3,34.7,20.4,227.9,136.9,95.9,115.8,25.76,501.77
105,강릉,2022-08-01,26.6,37.7,16.8,307.5,133.4,93.3,126.5,29.99,412.6
105,강릉,2022-09-01,21.8,30.8,11.9,202.5,126.4,88.6,184.5,49.44,490.88
105,강릉,2022-10-01,15.3,32.8,6.9,293.2,107.1,74.8,144.7,41.56,357.53
105,강릉,2022-11-01,12.7,26.5,-3,62.3,95.7,66.8,186.7,61.25,271.9
105,강릉,2022-12-01,1.5,13.5,-11.3,,62.8,44.1,215.4,72.26,204.7
105,강릉,2023-01-01,2.4,18.7,-14,77.9,86.9,61.1,218.4,71.23,292.78
105,강릉,2023-02-01,5.2,19.6,-3.8,38.5,86.9,60.4,164.1,54.34,301.86
105,강릉,2023-03-01,12.1,26.8,0.3,8.8,147.3,103,229.3,61.89,455.52
105,강릉,2023-04-01,15.3,28.1,5.2,33.4,174.9,122.3,221.1,55.96,525.25
105,강릉,2023-05-01,20.3,35.5,7.2,91.1,189.8,132.8,223.4,50.72,587.65
105,강릉,2023-06-01,23.2,34.5,15.8,160,184.8,129.3,220.3,49.79,605.53
105,강릉,2023-07-01,27.5,37.3,18.1,104.7,152.9,107,161.1,35.83,504.59
105,강릉,2023-08-01,26.2,38.4,20.7,520.8,129,90.4,139,32.93,432.89
105,강릉,2023-09-01,22.4,31.9,14.5,236.8,106.3,74.5,149,39.9,377.35
105,강릉,2023-10-01,17,26.7,7.1,26.1,133.8,93.8,213.7,61.32,387.14
105,강릉,2023-11-01,10.5,29.1,-4.6,41,116.7,81.5,215.9,70.72,303.29
105,강릉,2023-12-01,3.6,20.5,-11.1,229.2,68.8,48.3,186.1,62.35,237.24
105,강릉,2024-01-01,2.2,12.5,-11.3,46.8,72.5,50.4,200.6,65.47,275.84
105,강릉,2024-02-01,3.6,20.2,-2.8,175.3,52.6,36.8,95.6,30.51,204.83
105,강릉,2024-03-01,7,20.9,-6.3,66,112.3,78.7,204.3,54.98,440.45
105,강릉,2024-04-01,15.8,29.2,2.4,41.9,137.4,96.2,212.4,53.64,504.13
105,강릉,2024-05-01,19.5,33.3,7.3,76.8,212,148.2,259,58.73,649.98
105,강릉,2024-06-01,24.3,35.3,12.3,93.8,162.6,113.7,273.3,61.76,618.53
105,강릉,2024-07-01,27.9,37,19.9,115.7,163,114.1,152.4,33.96,472.88
105,강릉,2024-08-01,28.7,37.6,20.7,87.2,162,113.3,231.9,55.06,565.58
105,강릉,2024-09-01,23.1,34.2,13.8,479.5,96.9,67.9,113.6,30.49,343.86
105,강릉,2024-10-01,16.7,24.4,9.3,167.4,88.2,61.7,142.4,40.99,300.64
105,강릉,2024-11-01,11.5,25.5,0.4,32.9,76,53.1,157.5,51.71,247.54
105,강릉,2024-12-01,3.8,15.4,-4.6,16.9,91.6,64.3,218.3,73.16,273.21
105,강릉,2025-01-01,1.9,11.7,-9.6,16.5,76.5,53.8,217,70.71,293.65
105,강릉,2025-02-01,1.8,17.5,-10.4,,103.5,72.7,240.7,79.49,385.14
105,강릉,2025-03-01,8,25.2,-3.2,119.8,118.2,82.8,203.9,54.9,441.54
105,강릉,2025-04-01,13.9,29.5,3.3,26.2,164.5,115.3,235.2,61.54,550.96
105,강릉,2025-05-01,18.3,32.1,7.1,53.8,176.8,124.1,228.3,51.8,587.7
105,강릉,2025-06-01,25,36.1,12.7,18.6,199.4,139.5,225.2,50.89,599.22
105,강릉,2025-07-01,28.8,38.7,19.9,128.2,199.5,139.6,218.8,50.35,578.5
105,강릉,2025-08-01,29,38,21.7,41.1,179.5,125.4,206.6,49.05,526.82
